{"properties":{"connectionReferences":{},"definition":{"$schema":"https://schema.management.azure.com/providers/Microsoft.Logic/schemas/2016-06-01/workflowdefinition.json#","contentVersion":"1.0.0.0","parameters":{"$authentication":{"defaultValue":{},"type":"SecureObject"}},"triggers":{"manual":{"metadata":{"operationMetadataId":"80e21214-0560-41ea-baf9-1e528802e13d"},"type":"Request","kind":"PowerAppV2","inputs":{"schema":{"type":"object","properties":{},"required":[]}}}},"actions":{"HTTP":{"runAfter":{},"metadata":{"operationMetadataId":"4cf739a1-0971-4ebb-9ea1-7af76d117fa0"},"type":"Http","inputs":{"method":"GET","uri":"https://opentdb.com/api.php?amount=1"}},"Parse_JSON":{"runAfter":{"HTTP":["Succeeded"]},"metadata":{"operationMetadataId":"f0b0cd36-0f78-4a94-99c1-0aaa1123ce41"},"type":"ParseJson","inputs":{"content":"@body('HTTP')","schema":{"type":"object","properties":{"response_code":{"type":"integer"},"results":{"type":"array","items":{"type":"object","properties":{"category":{"type":"string"},"type":{"type":"string"},"difficulty":{"type":"string"},"question":{"type":"string"},"correct_answer":{"type":"string"},"incorrect_answers":{"type":"array","items":{"type":"string"}}},"required":["category","type","difficulty","question","correct_answer","incorrect_answers"]}}}}}},"Response":{"runAfter":{"Parse_JSON":["Succeeded"]},"metadata":{"operationMetadataId":"03cf3d4c-e4ab-4adc-8327-5f3083648ced"},"type":"Response","kind":"Http","inputs":{"statusCode":200,"body":"@body('Parse_JSON')?['results']","schema":{"type":"array","items":{"type":"object","properties":{"category":{"type":"string"},"type":{"type":"string"},"difficulty":{"type":"string"},"question":{"type":"string"},"correct_answer":{"type":"string"},"incorrect_answers":{"type":"array","items":{"type":"string"}}},"required":["category","type","difficulty","question","correct_answer","incorrect_answers"]}}}}},"outputs":{}}},"schemaVersion":"1.0.0.0"}